{
     "acc": {
          "0.5": {
               "1": [
                    0.7599578111428217,
                    0.7599578111428217,
                    0.7595235140836332,
                    0.7599578111428217,
                    0.7599578111428217
               ],
               "2": [
                    0.7971212309219506,
                    0.8022707531951855,
                    0.8040699838689663,
                    0.7599578111428217,
                    0.7997270132770815
               ],
               "3": [
                    0.7599578111428217,
                    0.7599578111428217,
                    0.7599578111428217,
                    0.8195185506886711,
                    0.7599578111428217
               ],
               "4": [
                    0.7642387392976796,
                    0.7808661124208959,
                    0.7559250527360715,
                    0.7602680233279563,
                    0.7600198535798486
               ],
               "5": [
                    0.7620672540017371,
                    0.780804069983869,
                    0.7564213922322869,
                    0.7599578111428217,
                    0.7600818960168756
               ]
          },
          "1": {
               "1": [
                    0.7599578111428217,
                    0.7599578111428217,
                    0.7599578111428217,
                    0.7680233279563221,
                    0.7599578111428217
               ],
               "2": [
                    0.7998510981511354,
                    0.7599578111428217,
                    0.8074202754684204,
                    0.7899243082268271,
                    0.7665963519047028
               ],
               "3": [
                    0.7599578111428217,
                    0.8333540141456757,
                    0.7599578111428217,
                    0.7599578111428217,
                    0.7616329569425487
               ],
               "4": [
                    0.7767713115771188,
                    0.7783223725027919,
                    0.7599578111428217,
                    0.7688919220746991,
                    0.7600818960168756
               ],
               "5": [
                    0.7767713115771188,
                    0.7788807544360342,
                    0.7599578111428217,
                    0.7696984737560492,
                    0.7625015510609257
               ]
          },
          "1.5": {
               "1": [
                    0.7600818960168756,
                    0.7599578111428217,
                    0.7599578111428217,
                    0.7599578111428217,
                    0.7599578111428217
               ],
               "2": [
                    0.7972453157960044,
                    0.8020225834470778,
                    0.8007196922695123,
                    0.8028911775654548,
                    0.8065516813500434
               ],
               "3": [
                    0.7599578111428217,
                    0.7599578111428217,
                    0.7599578111428217,
                    0.7599578111428217,
                    0.7599578111428217
               ],
               "4": [
                    0.7599578111428217,
                    0.7596475989576871,
                    0.7953840426851967,
                    0.7685817098895644,
                    0.7595855565206602
               ],
               "5": [
                    0.7599578111428217,
                    0.7598337262687679,
                    0.797679612855193,
                    0.7700086859411838,
                    0.7595235140836332
               ]
          },
          "2": {
               "1": [
                    0.7599578111428217,
                    0.7599578111428217,
                    0.782479215783596,
                    0.7599578111428217,
                    0.7599578111428217
               ],
               "2": [
                    0.7676510733341606,
                    0.804442238491128,
                    0.7968730611738429,
                    0.7969351036108698,
                    0.7599578111428217
               ],
               "3": [
                    0.7594614716466063,
                    0.7599578111428217,
                    0.7991065889068123,
                    0.7599578111428217,
                    0.8349050750713488
               ],
               "4": [
                    0.8004715225214046,
                    0.7641766968606527,
                    0.7977416552922199,
                    0.760578235513091,
                    0.7595855565206602
               ],
               "5": [
                    0.801898498573024,
                    0.7611986598833602,
                    0.7981759523514084,
                    0.7601439384539025,
                    0.7590892170244448
               ]
          },
          "2.5": {
               "1": [
                    0.7599578111428217,
                    0.7599578111428217,
                    0.7599578111428217,
                    0.7772676510733342,
                    0.7599578111428217
               ],
               "2": [
                    0.7929643876411465,
                    0.7674649460230798,
                    0.7599578111428217,
                    0.8045663233651817,
                    0.8002233527732969
               ],
               "3": [
                    0.7599578111428217,
                    0.7592133018984986,
                    0.8339744385159449,
                    0.7599578111428217,
                    0.7599578111428217
               ],
               "4": [
                    0.774847996029284,
                    0.7966869338627621,
                    0.7599578111428217,
                    0.7675269884601067,
                    0.7816726641022459
               ],
               "5": [
                    0.7679612855192952,
                    0.7963767216776275,
                    0.7599578111428217,
                    0.7662240972825413,
                    0.7823551309095421
               ]
          },
          "3": {
               "1": [
                    0.7599578111428217,
                    0.7599578111428217,
                    0.7599578111428217,
                    0.7599578111428217,
                    0.7599578111428217
               ],
               "2": [
                    0.8082888695867974,
                    0.804442238491128,
                    0.7599578111428217,
                    0.79935475865492,
                    0.7956942548703313
               ],
               "3": [
                    0.7599578111428217,
                    0.761322744757414,
                    0.8344087355751334,
                    0.7599578111428217,
                    0.7599578111428217
               ],
               "4": [
                    0.7945774910038467,
                    0.7796252636803573,
                    0.7599578111428217,
                    0.7810522397319767,
                    0.7944534061297928
               ],
               "5": [
                    0.7915374115895273,
                    0.779935475865492,
                    0.7599578111428217,
                    0.7816726641022459,
                    0.7955701699962775
               ]
          }
     },
     "tvd": {
          "0.5": {
               "1": [
                    0.4243901272161208,
                    0.4246244835588523,
                    0.4107712345993713,
                    0.4135306164601861,
                    0.4370679692841493
               ],
               "2": [
                    0.07588259695842375,
                    0.07112301585105217,
                    0.07603812494403529,
                    0.0752929565736215,
                    0.07661852745376917
               ],